image,label
images/0.jpg,Ant
images/1.jpg,Ant
images/2.jpg,Ant
images/3.jpg,Ant
images/4.jpg,Ant
images/5.jpg,Ant
images/6.jpg,Ant
images/7.jpg,Ant
images/8.jpg,Ant
images/9.jpg,Ant
images/10.jpg,Ant
images/11.jpg,Ant
images/12.jpg,Ant
images/13.jpg,Ant
images/14.jpg,Ant
images/15.jpg,Ant
images/16.jpg,Ant
images/17.jpg,Ant
images/18.jpg,Ant
images/19.jpg,Ant
images/20.jpg,Ant
images/21.jpg,Ant
images/22.jpg,Ant
images/23.jpg,Ant
images/24.jpg,Ant
images/25.jpg,Ant
images/26.jpg,Ant
images/27.jpg,Ant
images/28.jpg,Ant
images/29.jpg,Ant
images/30.jpg,Ant
images/31.jpg,Ant
images/32.jpg,Ant
images/33.jpg,Ant
images/34.jpg,Ant
images/35.jpg,Ant
images/36.jpg,Ant
images/37.jpg,Ant
images/38.jpg,Ant
images/39.jpg,Ant
images/40.jpg,Ant
images/41.jpg,Ant
images/42.jpg,Ant
images/43.jpg,Ant
images/44.jpg,Ant
images/45.jpg,Ant
images/46.jpg,Ant
images/47.jpg,Ant
images/48.jpg,Ant
images/49.jpg,Ant
images/50.jpg,Ant
images/51.jpg,Ant
images/52.jpg,Ant
images/53.jpg,Ant
images/54.jpg,Ant
images/55.jpg,Ant
images/56.jpg,Ant
images/57.jpg,Ant
images/58.jpg,Ant
images/59.jpg,Ant
images/60.jpg,Ant
images/61.jpg,Ant
images/62.jpg,Ant
images/63.jpg,Ant
images/64.jpg,Ant
images/65.jpg,Ant
images/66.jpg,Ant
images/67.jpg,Ant
images/68.jpg,Ant
images/69.jpg,Ant
images/70.jpg,Ant
images/71.jpg,Ant
images/72.jpg,Ant
images/73.jpg,Ant
images/74.jpg,Ant
images/75.jpg,Ant
images/76.jpg,Ant
images/77.jpg,Ant
images/78.jpg,Ant
images/79.jpg,Ant
images/80.jpg,Ant
images/81.jpg,Ant
images/82.jpg,Ant
images/83.jpg,Ant
images/84.jpg,Ant
images/85.jpg,Ant
images/86.jpg,Ant
images/87.jpg,Ant
images/88.jpg,Ant
images/89.jpg,Ant
images/90.jpg,Ant
images/91.jpg,Ant
images/92.jpg,Ant
images/93.jpg,Ant
images/94.jpg,Ant
images/95.jpg,Ant
images/96.jpg,Ant
images/97.jpg,Ant
images/98.jpg,Ant
images/99.jpg,Ant
images/100.jpg,Ant
images/101.jpg,Ant
images/102.jpg,Ant
images/103.jpg,Ant
images/104.jpg,Ant
images/105.jpg,Ant
images/106.jpg,Ant
images/107.jpg,Ant
images/108.jpg,Ant
images/109.jpg,Ant
images/110.jpg,Ant
images/111.jpg,Ant
images/112.jpg,Ant
images/113.jpg,Ant
images/114.jpg,Ant
images/115.jpg,Ant
images/116.jpg,Ant
images/117.jpg,Ant
images/118.jpg,Ant
images/119.jpg,Ant
images/120.jpg,Ant
images/121.jpg,Ant
images/122.jpg,Ant
images/123.jpg,Ant
images/124.jpg,Ant
images/125.jpg,Ant
images/126.jpg,Ant
images/127.jpg,Ant
images/128.jpg,Ant
images/129.jpg,Ant
images/130.jpg,Ant
images/131.jpg,Ant
images/132.jpg,Ant
images/133.jpg,Ant
images/134.jpg,Ant
images/135.jpg,Ant
images/136.jpg,Ant
images/137.jpg,Ant
images/138.jpg,Ant
images/139.jpg,Ant
images/140.jpg,Ant
images/141.jpg,Ant
images/142.jpg,Ant
images/143.jpg,Ant
images/144.jpg,Ant
images/145.jpg,Ant
images/146.jpg,Ant
images/147.jpg,Ant
images/148.jpg,Ant
images/149.jpg,Ant
images/150.jpg,Ant
images/151.jpg,Ant
images/152.jpg,Ant
images/153.jpg,Ant
images/154.jpg,Ant
images/155.jpg,Ant
images/156.jpg,Ant
images/157.jpg,Ant
images/158.jpg,Ant
images/159.jpg,Ant
images/160.jpg,Ant
images/161.jpg,Ant
images/162.jpg,Ant
images/163.jpg,Ant
images/164.jpg,Ant
images/165.jpg,Ant
images/166.jpg,Ant
images/167.jpg,Ant
images/168.jpg,Ant
images/169.jpg,Ant
images/170.jpg,Ant
images/171.jpg,Ant
images/172.jpg,Ant
images/173.jpg,Ant
images/174.jpg,Ant
images/175.jpg,Ant
images/176.jpg,Ant
images/177.jpg,Ant
images/178.jpg,Ant
images/179.jpg,Ant
images/180.jpg,Ant
images/181.jpg,Ladybug
images/182.jpg,Ladybug
images/183.jpg,Ladybug
images/184.jpg,Ladybug
images/185.jpg,Ladybug
images/186.jpg,Ladybug
images/187.jpg,Ladybug
images/188.jpg,Ladybug
images/189.jpg,Ladybug
images/190.jpg,Ladybug
images/191.jpg,Ladybug
images/192.jpg,Ladybug
images/193.jpg,Ladybug
images/194.jpg,Ladybug
images/195.jpg,Ladybug
images/196.jpg,Ladybug
images/197.jpg,Ladybug
images/198.jpg,Ladybug
images/199.jpg,Ladybug
images/200.jpg,Ladybug
images/201.jpg,Ladybug
images/202.jpg,Ladybug
images/203.jpg,Ladybug
images/204.jpg,Ladybug
images/205.jpg,Ladybug
images/206.jpg,Ladybug
images/207.jpg,Ladybug
images/208.jpg,Ladybug
images/209.jpg,Ladybug
images/210.jpg,Ladybug
images/211.jpg,Ladybug
images/212.jpg,Ladybug
images/213.jpg,Ladybug
images/214.jpg,Ladybug
images/215.jpg,Ladybug
images/216.jpg,Ladybug
images/217.jpg,Ladybug
images/218.jpg,Ladybug
images/219.jpg,Ladybug
images/220.jpg,Ladybug
images/221.jpg,Ladybug
images/222.jpg,Ladybug
images/223.jpg,Ladybug
images/224.jpg,Ladybug
images/225.jpg,Ladybug
images/226.jpg,Ladybug
images/227.jpg,Ladybug
images/228.jpg,Ladybug
images/229.jpg,Ladybug
images/230.jpg,Ladybug
images/231.jpg,Ladybug
images/232.jpg,Ladybug
images/233.jpg,Ladybug
images/234.jpg,Ladybug
images/235.jpg,Ladybug
images/236.jpg,Ladybug
images/237.jpg,Ladybug
images/238.jpg,Ladybug
images/239.jpg,Ladybug
images/240.jpg,Ladybug
images/241.jpg,Ladybug
images/242.jpg,Ladybug
images/243.jpg,Ladybug
images/244.jpg,Ladybug
images/245.jpg,Ladybug
images/246.jpg,Ladybug
images/247.jpg,Ladybug
images/248.jpg,Ladybug
images/249.jpg,Ladybug
images/250.jpg,Ladybug
images/251.jpg,Ladybug
images/252.jpg,Ladybug
images/253.jpg,Ladybug
images/254.jpg,Ladybug
images/255.jpg,Ladybug
images/256.jpg,Ladybug
images/257.jpg,Ladybug
images/258.jpg,Ladybug
images/259.jpg,Ladybug
images/260.jpg,Ladybug
images/261.jpg,Ladybug
images/262.jpg,Ladybug
images/263.jpg,Ladybug
images/264.jpg,Ladybug
images/265.jpg,Ladybug
images/266.jpg,Ladybug
images/267.jpg,Ladybug
images/268.jpg,Ladybug
images/269.jpg,Ladybug
images/270.jpg,Ladybug
images/271.jpg,Ladybug
images/272.jpg,Ladybug
images/273.jpg,Ladybug
images/274.jpg,Ladybug
images/275.jpg,Ladybug
images/276.jpg,Ladybug
images/277.jpg,Ladybug
images/278.jpg,Ladybug
images/279.jpg,Ladybug
images/280.jpg,Ladybug
images/281.jpg,Ladybug
images/282.jpg,Ladybug
images/283.jpg,Ladybug
images/284.jpg,Ladybug
images/285.jpg,Ladybug
images/286.jpg,Ladybug
images/287.jpg,Ladybug
images/288.jpg,Ladybug
images/289.jpg,Ladybug
images/290.jpg,Ladybug
images/291.jpg,Ladybug
images/292.jpg,Ladybug
images/293.jpg,Ladybug
images/294.jpg,Ladybug
images/295.jpg,Ladybug
images/296.jpg,Ladybug
images/297.jpg,Ladybug
images/298.jpg,Ladybug
images/299.jpg,Ladybug
images/300.jpg,Ladybug
images/301.jpg,Ladybug
images/302.jpg,Ladybug
images/303.jpg,Ladybug
images/304.jpg,Ladybug
images/305.jpg,Ladybug
images/306.jpg,Ladybug
images/307.jpg,Ladybug
images/308.jpg,Ladybug
images/309.jpg,Ladybug
images/310.jpg,Ladybug
images/311.jpg,Ladybug
images/312.jpg,Ladybug
images/313.jpg,Ladybug
images/314.jpg,Ladybug
images/315.jpg,Ladybug
images/316.jpg,Ladybug
images/317.jpg,Ladybug
images/318.jpg,Ladybug
images/319.jpg,Ladybug
images/320.jpg,Ladybug
images/321.jpg,Ladybug
images/322.jpg,Ladybug
images/323.jpg,Ladybug
images/324.jpg,Ladybug
images/325.jpg,Ladybug
images/326.jpg,Ladybug
images/327.jpg,Ladybug
images/328.jpg,Ladybug
images/329.jpg,Ladybug
images/330.jpg,Ladybug
images/331.jpg,Ladybug
images/332.jpg,Ladybug
images/333.jpg,Ladybug
images/334.jpg,Ladybug
images/335.jpg,Ladybug
images/336.jpg,Ladybug
images/337.jpg,Ladybug
images/338.jpg,Ladybug
images/339.jpg,Ladybug
images/340.jpg,Ladybug
images/341.jpg,Ladybug
images/342.jpg,Ladybug
images/343.jpg,Ladybug
images/344.jpg,Ladybug
images/345.jpg,Ladybug
images/346.jpg,Ladybug
images/347.jpg,Ladybug
images/348.jpg,Ladybug
images/349.jpg,Ladybug
images/350.jpg,Ladybug
images/351.jpg,Ladybug
images/352.jpg,Ladybug
images/353.jpg,Ladybug
images/354.jpg,Ladybug
images/355.jpg,Ladybug
images/356.jpg,Ladybug
images/357.jpg,Ladybug
images/358.jpg,Ladybug
images/359.jpg,Ladybug
images/360.jpg,Ladybug
images/361.jpg,Ladybug
images/362.jpg,Ladybug
images/363.jpg,Ladybug
images/364.jpg,Ladybug
images/365.jpg,Ladybug
images/366.jpg,Ladybug
images/367.jpg,Ladybug
images/368.jpg,Ladybug
images/369.jpg,Ladybug
images/370.jpg,Ladybug
images/371.jpg,Ladybug
images/372.jpg,Ladybug
images/373.jpg,Ladybug
images/374.jpg,Ladybug
images/375.jpg,Ladybug
images/376.jpg,Ladybug
images/377.jpg,Ladybug
images/378.jpg,Ladybug
images/379.jpg,Ladybug
images/380.jpg,Ladybug
images/381.jpg,Ladybug
images/382.jpg,Ladybug
images/383.jpg,Ladybug
images/384.jpg,Ladybug
images/385.jpg,Ladybug
images/386.jpg,Ladybug
images/387.jpg,Ladybug
images/388.jpg,Ladybug
images/389.jpg,Ladybug
images/390.jpg,Ladybug
images/391.jpg,Ladybug
images/392.jpg,Ladybug
images/393.jpg,Ladybug
images/394.jpg,Ladybug
images/395.jpg,Ladybug
images/396.jpg,Ladybug
images/397.jpg,Ladybug
images/398.jpg,Ladybug
images/399.jpg,Ladybug
images/400.jpg,Ladybug
images/401.jpg,Ladybug
images/402.jpg,Ladybug
images/403.jpg,Ladybug
images/404.jpg,Ladybug
images/405.jpg,Ladybug
images/406.jpg,Ladybug
images/407.jpg,Ladybug
images/408.jpg,Ladybug
images/409.jpg,Ladybug
images/410.jpg,Ladybug
images/411.jpg,Ladybug
images/412.jpg,Ladybug
images/413.jpg,Ladybug
images/414.jpg,Ladybug
images/415.jpg,Ladybug
images/416.jpg,Ladybug
images/417.jpg,Ladybug
images/418.jpg,Ladybug
images/419.jpg,Ladybug
images/420.jpg,Ladybug
images/421.jpg,Ladybug
images/422.jpg,Ladybug
images/423.jpg,Ladybug
images/424.jpg,Ladybug
images/425.jpg,Ladybug
images/426.jpg,Ladybug
images/427.jpg,Ladybug
images/428.jpg,Ladybug
images/429.jpg,Ladybug
images/430.jpg,Ladybug
images/431.jpg,Ladybug
images/432.jpg,Ladybug
images/433.jpg,Ladybug
images/434.jpg,Ladybug
images/435.jpg,Ladybug
images/436.jpg,Ladybug
images/437.jpg,Ladybug
images/438.jpg,Ladybug
images/439.jpg,Ladybug
images/440.jpg,Ladybug
images/441.jpg,Ladybug
images/442.jpg,Ladybug
images/443.jpg,Ladybug
images/444.jpg,Ladybug
images/445.jpg,Ladybug
images/446.jpg,Ladybug
images/447.jpg,Ladybug
images/448.jpg,Ladybug
images/449.jpg,Ladybug
images/450.jpg,Ladybug
images/451.jpg,Ladybug
images/452.jpg,Ladybug
images/453.jpg,Ladybug
images/454.jpg,Ladybug
images/455.jpg,Ladybug
images/456.jpg,Ladybug
images/457.jpg,Ladybug
images/458.jpg,Ladybug
images/459.jpg,Ladybug
images/460.jpg,Ladybug
images/461.jpg,Ladybug
images/462.jpg,Ladybug
images/463.jpg,Ladybug
images/464.jpg,Ladybug
images/465.jpg,Ladybug
images/466.jpg,Ladybug
images/467.jpg,Ladybug
images/468.jpg,Ladybug
images/469.jpg,Ladybug
images/470.jpg,Ladybug
images/471.jpg,Ladybug
images/472.jpg,Ladybug
images/473.jpg,Ladybug
images/474.jpg,Ladybug
images/475.jpg,Ladybug
images/476.jpg,Ladybug
images/477.jpg,Ladybug
images/478.jpg,Ladybug
images/479.jpg,Ladybug
images/480.jpg,Ladybug
images/481.jpg,Butterfly
images/482.jpg,Butterfly
images/483.jpg,Butterfly
images/484.jpg,Butterfly
images/485.jpg,Butterfly
images/486.jpg,Butterfly
images/487.jpg,Butterfly
images/488.jpg,Butterfly
images/489.jpg,Butterfly
images/490.jpg,Butterfly
images/491.jpg,Butterfly
images/492.jpg,Butterfly
images/493.jpg,Butterfly
images/494.jpg,Butterfly
images/495.jpg,Butterfly
images/496.jpg,Butterfly
images/497.jpg,Butterfly
images/498.jpg,Butterfly
images/499.jpg,Butterfly
images/500.jpg,Butterfly
images/501.jpg,Butterfly
images/502.jpg,Butterfly
images/503.jpg,Butterfly
images/504.jpg,Butterfly
images/505.jpg,Butterfly
images/506.jpg,Butterfly
images/507.jpg,Butterfly
images/508.jpg,Butterfly
images/509.jpg,Butterfly
images/510.jpg,Butterfly
images/511.jpg,Butterfly
images/512.jpg,Butterfly
images/513.jpg,Butterfly
images/514.jpg,Butterfly
images/515.jpg,Butterfly
images/516.jpg,Butterfly
images/517.jpg,Butterfly
images/518.jpg,Butterfly
images/519.jpg,Butterfly
images/520.jpg,Butterfly
images/521.jpg,Butterfly
images/522.jpg,Butterfly
images/523.jpg,Butterfly
images/524.jpg,Butterfly
images/525.jpg,Butterfly
images/526.jpg,Butterfly
images/527.jpg,Butterfly
images/528.jpg,Butterfly
images/529.jpg,Butterfly
images/530.jpg,Butterfly
images/531.jpg,Butterfly
images/532.jpg,Butterfly
images/533.jpg,Butterfly
images/534.jpg,Butterfly
images/535.jpg,Butterfly
images/536.jpg,Butterfly
images/537.jpg,Butterfly
images/538.jpg,Butterfly
images/539.jpg,Butterfly
images/540.jpg,Butterfly
images/541.jpg,Butterfly
images/542.jpg,Butterfly
images/543.jpg,Butterfly
images/544.jpg,Butterfly
images/545.jpg,Butterfly
images/546.jpg,Butterfly
images/547.jpg,Butterfly
images/548.jpg,Butterfly
images/549.jpg,Butterfly
images/550.jpg,Butterfly
images/551.jpg,Butterfly
images/552.jpg,Butterfly
images/553.jpg,Butterfly
images/554.jpg,Butterfly
images/555.jpg,Butterfly
images/556.jpg,Butterfly
images/557.jpg,Butterfly
images/558.jpg,Butterfly
images/559.jpg,Butterfly
images/560.jpg,Butterfly
images/561.jpg,Butterfly
images/562.jpg,Butterfly
images/563.jpg,Butterfly
images/564.jpg,Butterfly
images/565.jpg,Butterfly
images/566.jpg,Butterfly
images/567.jpg,Butterfly
images/568.jpg,Butterfly
images/569.jpg,Butterfly
images/570.jpg,Butterfly
images/571.jpg,Butterfly
images/572.jpg,Butterfly
images/573.jpg,Butterfly
images/574.jpg,Butterfly
images/575.jpg,Butterfly
images/576.jpg,Butterfly
images/577.jpg,Butterfly
images/578.jpg,Butterfly
images/579.jpg,Butterfly
images/580.jpg,Butterfly
images/581.jpg,Butterfly
images/582.jpg,Butterfly
images/583.jpg,Butterfly
images/584.jpg,Butterfly
images/585.jpg,Butterfly
images/586.jpg,Butterfly
images/587.jpg,Butterfly
images/588.jpg,Butterfly
images/589.jpg,Butterfly
images/590.jpg,Butterfly
images/591.jpg,Butterfly
images/592.jpg,Butterfly
images/593.jpg,Butterfly
images/594.jpg,Butterfly
images/595.jpg,Butterfly
images/596.jpg,Butterfly
images/597.jpg,Butterfly
images/598.jpg,Butterfly
images/599.jpg,Butterfly
images/600.jpg,Butterfly
images/601.jpg,Butterfly
images/602.jpg,Butterfly
images/603.jpg,Butterfly
images/604.jpg,Butterfly
images/605.jpg,Butterfly
images/606.jpg,Butterfly
images/607.jpg,Butterfly
images/608.jpg,Butterfly
images/609.jpg,Butterfly
images/610.jpg,Butterfly
images/611.jpg,Butterfly
images/612.jpg,Butterfly
images/613.jpg,Butterfly
images/614.jpg,Butterfly
images/615.jpg,Butterfly
images/616.jpg,Butterfly
images/617.jpg,Butterfly
images/618.jpg,Butterfly
images/619.jpg,Butterfly
images/620.jpg,Butterfly
images/621.jpg,Butterfly
images/622.jpg,Butterfly
images/623.jpg,Butterfly
images/624.jpg,Butterfly
images/625.jpg,Butterfly
images/626.jpg,Butterfly
images/627.jpg,Butterfly
images/628.jpg,Butterfly
images/629.jpg,Butterfly
images/630.jpg,Butterfly
images/631.jpg,Butterfly
images/632.jpg,Butterfly
images/633.jpg,Butterfly
images/634.jpg,Butterfly
images/635.jpg,Butterfly
images/636.jpg,Butterfly
images/637.jpg,Butterfly
images/638.jpg,Butterfly
images/639.jpg,Butterfly
images/640.jpg,Butterfly
images/641.jpg,Butterfly
images/642.jpg,Butterfly
images/643.jpg,Butterfly
images/644.jpg,Butterfly
images/645.jpg,Butterfly
images/646.jpg,Butterfly
images/647.jpg,Butterfly
images/648.jpg,Butterfly
images/649.jpg,Butterfly
images/650.jpg,Butterfly
images/651.jpg,Butterfly
images/652.jpg,Butterfly
images/653.jpg,Butterfly
images/654.jpg,Butterfly
images/655.jpg,Butterfly
images/656.jpg,Butterfly
images/657.jpg,Butterfly
images/658.jpg,Butterfly
images/659.jpg,Butterfly
images/660.jpg,Butterfly
images/661.jpg,Butterfly
images/662.jpg,Butterfly
images/663.jpg,Butterfly
images/664.jpg,Butterfly
images/665.jpg,Butterfly
images/666.jpg,Butterfly
images/667.jpg,Butterfly
images/668.jpg,Butterfly
images/669.jpg,Butterfly
images/670.jpg,Butterfly
images/671.jpg,Butterfly
images/672.jpg,Butterfly
images/673.jpg,Butterfly
images/674.jpg,Butterfly
images/675.jpg,Butterfly
images/676.jpg,Butterfly
images/677.jpg,Butterfly
images/678.jpg,Butterfly
images/679.jpg,Butterfly
images/680.jpg,Butterfly
images/681.jpg,Butterfly
images/682.jpg,Butterfly
images/683.jpg,Butterfly
images/684.jpg,Butterfly
images/685.jpg,Butterfly
images/686.jpg,Butterfly
images/687.jpg,Butterfly
images/688.jpg,Butterfly
images/689.jpg,Butterfly
images/690.jpg,Butterfly
images/691.jpg,Butterfly
images/692.jpg,Butterfly
images/693.jpg,Butterfly
images/694.jpg,Butterfly
images/695.jpg,Butterfly
images/696.jpg,Butterfly
images/697.jpg,Butterfly
images/698.jpg,Butterfly
images/699.jpg,Butterfly
images/700.jpg,Butterfly
images/701.jpg,Butterfly
images/702.jpg,Butterfly
images/703.jpg,Butterfly
images/704.jpg,Butterfly
images/705.jpg,Butterfly
images/706.jpg,Butterfly
images/707.jpg,Butterfly
images/708.jpg,Butterfly
images/709.jpg,Butterfly
images/710.jpg,Butterfly
images/711.jpg,Butterfly
images/712.jpg,Butterfly
images/713.jpg,Butterfly
images/714.jpg,Butterfly
images/715.jpg,Butterfly
images/716.jpg,Butterfly
images/717.jpg,Butterfly
images/718.jpg,Butterfly
images/719.jpg,Butterfly
images/720.jpg,Butterfly
images/721.jpg,Butterfly
images/722.jpg,Butterfly
images/723.jpg,Butterfly
images/724.jpg,Butterfly
images/725.jpg,Butterfly
images/726.jpg,Butterfly
images/727.jpg,Butterfly
images/728.jpg,Butterfly
images/729.jpg,Butterfly
images/730.jpg,Butterfly
images/731.jpg,Butterfly
images/732.jpg,Butterfly
images/733.jpg,Butterfly
images/734.jpg,Butterfly
images/735.jpg,Butterfly
images/736.jpg,Butterfly
images/737.jpg,Butterfly
images/738.jpg,Butterfly
images/739.jpg,Butterfly
images/740.jpg,Butterfly
images/741.jpg,Butterfly
images/742.jpg,Butterfly
images/743.jpg,Butterfly
images/744.jpg,Butterfly
images/745.jpg,Butterfly
images/746.jpg,Butterfly
images/747.jpg,Butterfly
images/748.jpg,Butterfly
images/749.jpg,Butterfly
images/750.jpg,Butterfly
images/751.jpg,Butterfly
images/752.jpg,Butterfly
images/753.jpg,Butterfly
images/754.jpg,Butterfly
images/755.jpg,Butterfly
images/756.jpg,Butterfly
images/757.jpg,Butterfly
images/758.jpg,Butterfly
images/759.jpg,Butterfly
images/760.jpg,Butterfly
images/761.jpg,Butterfly
images/762.jpg,Butterfly
images/763.jpg,Butterfly
images/764.jpg,Butterfly
images/765.jpg,Butterfly
images/766.jpg,Butterfly
images/767.jpg,Butterfly
images/768.jpg,Butterfly
images/769.jpg,Butterfly
images/770.jpg,Butterfly
images/771.jpg,Butterfly
images/772.jpg,Butterfly
images/773.jpg,Butterfly
images/774.jpg,Butterfly
images/775.jpg,Butterfly
images/776.jpg,Butterfly
images/777.jpg,Butterfly
images/778.jpg,Butterfly
images/779.jpg,Butterfly
images/780.jpg,Butterfly
images/781.jpg,Spider
images/782.jpg,Spider
images/783.jpg,Spider
images/784.jpg,Spider
images/785.jpg,Spider
images/786.jpg,Spider
images/787.jpg,Spider
images/788.jpg,Spider
images/789.jpg,Spider
images/790.jpg,Spider
images/791.jpg,Spider
images/792.jpg,Spider
images/793.jpg,Spider
images/794.jpg,Spider
images/795.jpg,Spider
images/796.jpg,Spider
images/797.jpg,Spider
images/798.jpg,Spider
images/799.jpg,Spider
images/800.jpg,Spider
images/801.jpg,Spider
images/802.jpg,Spider
images/803.jpg,Spider
images/804.jpg,Spider
images/805.jpg,Spider
images/806.jpg,Spider
images/807.jpg,Spider
images/808.jpg,Spider
images/809.jpg,Spider
images/810.jpg,Spider
images/811.jpg,Spider
images/812.jpg,Spider
images/813.jpg,Spider
images/814.jpg,Spider
images/815.jpg,Spider
images/816.jpg,Spider
images/817.jpg,Spider
images/818.jpg,Spider
images/819.jpg,Spider
images/820.jpg,Spider
images/821.jpg,Spider
images/822.jpg,Spider
images/823.jpg,Spider
images/824.jpg,Spider
images/825.jpg,Spider
images/826.jpg,Spider
images/827.jpg,Spider
images/828.jpg,Spider
images/829.jpg,Spider
images/830.jpg,Spider
images/831.jpg,Spider
images/832.jpg,Spider
images/833.jpg,Spider
images/834.jpg,Spider
images/835.jpg,Spider
images/836.jpg,Spider
images/837.jpg,Spider
images/838.jpg,Spider
images/839.jpg,Spider
images/840.jpg,Spider
images/841.jpg,Spider
images/842.jpg,Spider
images/843.jpg,Spider
images/844.jpg,Spider
images/845.jpg,Spider
images/846.jpg,Spider
images/847.jpg,Spider
images/848.jpg,Spider
images/849.jpg,Spider
images/850.jpg,Spider
images/851.jpg,Spider
images/852.jpg,Spider
images/853.jpg,Spider
images/854.jpg,Spider
images/855.jpg,Spider
images/856.jpg,Spider
images/857.jpg,Spider
images/858.jpg,Spider
images/859.jpg,Spider
images/860.jpg,Spider
images/861.jpg,Spider
images/862.jpg,Spider
images/863.jpg,Spider
images/864.jpg,Spider
images/865.jpg,Spider
images/866.jpg,Spider
images/867.jpg,Spider
images/868.jpg,Spider
images/869.jpg,Spider
images/870.jpg,Spider
images/871.jpg,Spider
images/872.jpg,Spider
images/873.jpg,Spider
images/874.jpg,Spider
images/875.jpg,Spider
images/876.jpg,Spider
images/877.jpg,Spider
images/878.jpg,Spider
images/879.jpg,Spider
images/880.jpg,Spider
images/881.jpg,Spider
images/882.jpg,Spider
images/883.jpg,Spider
images/884.jpg,Spider
images/885.jpg,Spider
images/886.jpg,Spider
images/887.jpg,Spider
images/888.jpg,Spider
images/889.jpg,Spider
images/890.jpg,Spider
images/891.jpg,Spider
images/892.jpg,Spider
images/893.jpg,Spider
images/894.jpg,Spider
images/895.jpg,Spider
images/896.jpg,Spider
images/897.jpg,Spider
images/898.jpg,Spider
images/899.jpg,Spider
images/900.jpg,Spider
images/901.jpg,Spider
images/902.jpg,Spider
images/903.jpg,Spider
images/904.jpg,Spider
images/905.jpg,Spider
images/906.jpg,Spider
images/907.jpg,Spider
images/908.jpg,Spider
images/909.jpg,Spider
images/910.jpg,Spider
images/911.jpg,Spider
images/912.jpg,Spider
images/913.jpg,Spider
images/914.jpg,Spider
images/915.jpg,Spider
images/916.jpg,Spider
images/917.jpg,Spider
images/918.jpg,Spider
images/919.jpg,Spider
images/920.jpg,Spider
images/921.jpg,Spider
images/922.jpg,Spider
images/923.jpg,Spider
images/924.jpg,Spider
images/925.jpg,Spider
images/926.jpg,Spider
images/927.jpg,Spider
images/928.jpg,Spider
images/929.jpg,Spider
images/930.jpg,Spider
images/931.jpg,Spider
images/932.jpg,Spider
images/933.jpg,Spider
images/934.jpg,Spider
images/935.jpg,Spider
images/936.jpg,Spider
images/937.jpg,Spider
images/938.jpg,Spider
images/939.jpg,Spider
images/940.jpg,Spider
images/941.jpg,Spider
images/942.jpg,Spider
images/943.jpg,Spider
images/944.jpg,Spider
images/945.jpg,Spider
images/946.jpg,Spider
images/947.jpg,Spider
images/948.jpg,Spider
images/949.jpg,Spider
images/950.jpg,Spider
images/951.jpg,Spider
images/952.jpg,Spider
images/953.jpg,Spider
images/954.jpg,Spider
images/955.jpg,Spider
images/956.jpg,Spider
images/957.jpg,Spider
images/958.jpg,Spider
images/959.jpg,Spider
images/960.jpg,Spider
images/961.jpg,Spider
images/962.jpg,Spider
images/963.jpg,Spider
images/964.jpg,Spider
images/965.jpg,Spider
images/966.jpg,Spider
images/967.jpg,Spider
images/968.jpg,Spider
images/969.jpg,Spider
images/970.jpg,Spider
images/971.jpg,Spider
images/972.jpg,Spider
images/973.jpg,Spider
images/974.jpg,Spider
images/975.jpg,Spider
images/976.jpg,Spider
images/977.jpg,Spider
images/978.jpg,Spider
images/979.jpg,Spider
images/980.jpg,Spider
images/981.jpg,Spider
images/982.jpg,Spider
images/983.jpg,Spider
images/984.jpg,Spider
images/985.jpg,Spider
images/986.jpg,Spider
images/987.jpg,Spider
images/988.jpg,Spider
images/989.jpg,Spider
images/990.jpg,Spider
images/991.jpg,Spider
images/992.jpg,Spider
images/993.jpg,Spider
images/994.jpg,Spider
images/995.jpg,Spider
images/996.jpg,Spider
images/997.jpg,Spider
images/998.jpg,Spider
images/999.jpg,Spider
images/1000.jpg,Spider
images/1001.jpg,Spider
images/1002.jpg,Spider
images/1003.jpg,Spider
images/1004.jpg,Spider
images/1005.jpg,Spider
images/1006.jpg,Spider
images/1007.jpg,Spider
images/1008.jpg,Spider
images/1009.jpg,Spider
images/1010.jpg,Spider
images/1011.jpg,Spider
images/1012.jpg,Spider
images/1013.jpg,Spider
images/1014.jpg,Spider
images/1015.jpg,Spider
images/1016.jpg,Spider
images/1017.jpg,Spider
images/1018.jpg,Spider
images/1019.jpg,Spider
images/1020.jpg,Spider
images/1021.jpg,Spider
images/1022.jpg,Spider
images/1023.jpg,Spider
images/1024.jpg,Spider
images/1025.jpg,Spider
images/1026.jpg,Spider
images/1027.jpg,Spider
images/1028.jpg,Spider
images/1029.jpg,Spider
images/1030.jpg,Spider
images/1031.jpg,Spider
images/1032.jpg,Spider
images/1033.jpg,Spider
images/1034.jpg,Spider
images/1035.jpg,Spider
images/1036.jpg,Spider
images/1037.jpg,Spider
images/1038.jpg,Spider
images/1039.jpg,Spider
images/1040.jpg,Spider
images/1041.jpg,Spider
images/1042.jpg,Spider
images/1043.jpg,Spider
images/1044.jpg,Spider
images/1045.jpg,Spider
images/1046.jpg,Spider
images/1047.jpg,Spider
images/1048.jpg,Spider
images/1049.jpg,Spider
images/1050.jpg,Spider
images/1051.jpg,Spider
images/1052.jpg,Spider
images/1053.jpg,Spider
images/1054.jpg,Spider
images/1055.jpg,Spider
images/1056.jpg,Spider
images/1057.jpg,Spider
images/1058.jpg,Spider
images/1059.jpg,Spider
images/1060.jpg,Spider
images/1061.jpg,Spider
images/1062.jpg,Spider
images/1063.jpg,Spider
images/1064.jpg,Spider
images/1065.jpg,Spider
images/1066.jpg,Spider
images/1067.jpg,Spider
images/1068.jpg,Spider
images/1069.jpg,Spider
images/1070.jpg,Spider
images/1071.jpg,Spider
images/1072.jpg,Spider
images/1073.jpg,Spider
images/1074.jpg,Spider
images/1075.jpg,Spider
images/1076.jpg,Spider
images/1077.jpg,Spider
images/1078.jpg,Spider
images/1079.jpg,Spider
images/1080.jpg,Spider
images/1081.jpg,Butterfly
images/1082.jpg,Butterfly
images/1083.jpg,Butterfly
images/1084.jpg,Butterfly
images/1085.jpg,Butterfly
images/1086.jpg,Butterfly
images/1087.jpg,Butterfly
images/1088.jpg,Butterfly
images/1089.jpg,Butterfly
images/1090.jpg,Butterfly
images/1091.jpg,Butterfly
images/1092.jpg,Butterfly
images/1093.jpg,Butterfly
images/1094.jpg,Butterfly
images/1095.jpg,Butterfly
images/1096.jpg,Butterfly
images/1097.jpg,Butterfly
images/1098.jpg,Butterfly
images/1099.jpg,Butterfly
images/1100.jpg,Butterfly
images/1101.jpg,Butterfly
images/1102.jpg,Butterfly
images/1103.jpg,Butterfly
images/1104.jpg,Butterfly
images/1105.jpg,Butterfly
images/1106.jpg,Butterfly
images/1107.jpg,Butterfly
images/1108.jpg,Butterfly
images/1109.jpg,Butterfly
images/1110.jpg,Butterfly
images/1111.jpg,Butterfly
images/1112.jpg,Butterfly
images/1113.jpg,Butterfly
images/1114.jpg,Butterfly
images/1115.jpg,Butterfly
images/1116.jpg,Butterfly
images/1117.jpg,Butterfly
images/1118.jpg,Butterfly
images/1119.jpg,Butterfly
images/1120.jpg,Butterfly
images/1121.jpg,Butterfly
images/1122.jpg,Butterfly
images/1123.jpg,Butterfly
images/1124.jpg,Butterfly
images/1125.jpg,Butterfly
images/1126.jpg,Butterfly
images/1127.jpg,Butterfly
images/1128.jpg,Butterfly
images/1129.jpg,Butterfly
images/1130.jpg,Butterfly
images/1131.jpg,Butterfly
images/1132.jpg,Butterfly
images/1133.jpg,Butterfly
images/1134.jpg,Butterfly
images/1135.jpg,Butterfly
images/1136.jpg,Butterfly
images/1137.jpg,Butterfly
images/1138.jpg,Butterfly
images/1139.jpg,Butterfly
images/1140.jpg,Butterfly
images/1141.jpg,Butterfly
images/1142.jpg,Butterfly
images/1143.jpg,Butterfly
images/1144.jpg,Butterfly
images/1145.jpg,Butterfly
images/1146.jpg,Butterfly
images/1147.jpg,Butterfly
images/1148.jpg,Butterfly
images/1149.jpg,Butterfly
images/1150.jpg,Butterfly
images/1151.jpg,Butterfly
images/1152.jpg,Butterfly
images/1153.jpg,Butterfly
images/1154.jpg,Butterfly
images/1155.jpg,Butterfly
images/1156.jpg,Butterfly
images/1157.jpg,Butterfly
images/1158.jpg,Butterfly
images/1159.jpg,Butterfly
images/1160.jpg,Butterfly
images/1161.jpg,Butterfly
images/1162.jpg,Butterfly
images/1163.jpg,Butterfly
images/1164.jpg,Butterfly
images/1165.jpg,Butterfly
images/1166.jpg,Butterfly
images/1167.jpg,Butterfly
images/1168.jpg,Butterfly
images/1169.jpg,Butterfly
images/1170.jpg,Butterfly
images/1171.jpg,Butterfly
images/1172.jpg,Butterfly
images/1173.jpg,Butterfly
images/1174.jpg,Butterfly
images/1175.jpg,Butterfly
images/1176.jpg,Butterfly
images/1177.jpg,Butterfly
images/1178.jpg,Butterfly
images/1179.jpg,Butterfly
images/1180.jpg,Butterfly
images/1181.jpg,Butterfly
images/1182.jpg,Butterfly
images/1183.jpg,Butterfly
images/1184.jpg,Butterfly
images/1185.jpg,Butterfly
images/1186.jpg,Butterfly
images/1187.jpg,Butterfly
images/1188.jpg,Butterfly
images/1189.jpg,Butterfly
images/1190.jpg,Butterfly
images/1191.jpg,Butterfly
images/1192.jpg,Butterfly
images/1193.jpg,Butterfly
images/1194.jpg,Butterfly
images/1195.jpg,Butterfly
images/1196.jpg,Butterfly
images/1197.jpg,Butterfly
images/1198.jpg,Butterfly
images/1199.jpg,Butterfly
images/1200.jpg,Butterfly
images/1201.jpg,Butterfly
images/1202.jpg,Butterfly
images/1203.jpg,Butterfly
images/1204.jpg,Butterfly
images/1205.jpg,Butterfly
images/1206.jpg,Butterfly
images/1207.jpg,Butterfly
images/1208.jpg,Butterfly
images/1209.jpg,Butterfly
images/1210.jpg,Butterfly
images/1211.jpg,Butterfly
images/1212.jpg,Butterfly
images/1213.jpg,Butterfly
images/1214.jpg,Butterfly
images/1215.jpg,Butterfly
images/1216.jpg,Butterfly
images/1217.jpg,Butterfly
images/1218.jpg,Butterfly
images/1219.jpg,Butterfly
images/1220.jpg,Butterfly
images/1221.jpg,Butterfly
images/1222.jpg,Butterfly
images/1223.jpg,Butterfly
images/1224.jpg,Butterfly
images/1225.jpg,Butterfly
images/1226.jpg,Butterfly
images/1227.jpg,Butterfly
images/1228.jpg,Butterfly
images/1229.jpg,Butterfly
images/1230.jpg,Butterfly
images/1231.jpg,Butterfly
images/1232.jpg,Butterfly
images/1233.jpg,Butterfly
images/1234.jpg,Butterfly
images/1235.jpg,Butterfly
images/1236.jpg,Butterfly
images/1237.jpg,Butterfly